<?xml version="1.0" encoding="utf-8"?>
<modification>
	<name>TopBar Message</name>
	<code>reds-topbar-message</code>
	<version>1.0</version>
	<author>REDS</author>
	<link>https://www.prai.com.br/</link>
	
	<file path="catalog/view/theme/*/template/common/header.twig">
		<operation>
			<search><![CDATA[<body>]]></search>
			<add position="after"><![CDATA[
			{% if topbar %}
			<style type="text/css">
			#topbar {margin-bottom: 0;padding: 5px 0;background-color: #ffe376;border: 1px solid #ffe376;border-radius: 0;}
			#topbar .container {color: #131010;}
			#topbar .close {background-color: #b89305;color: #fff;padding: 0 5px;border-radius: 3px;}
			</style>
			<div id="topbar" class="alert" role="alert">
				<div class="container">
					{{ topbar_message }}
					<button type="button" class="close" data-dismiss="alert" aria-label="Close"><span aria-hidden="true">&times;</span></button>
				</div>
			</div>
			{% endif %}
			]]></add>
		</operation>
	</file>
	
	<file path="catalog/controller/common/header.php">
		<operation error="skip">
			<search><![CDATA[
			$data['home'] = $this->url->link('common/home');
			]]></search>
			<add position="after"><![CDATA[
			  // TOPBAR
				$data['topbar_message'] = html_entity_decode($this->config->get('config_topbar_message'), ENT_QUOTES, 'UTF-8');
				
				if ($this->config->get('config_topbar')) {
					$data['topbar'] = $this->config->get('config_topbar');
				} else {
					$data['topbar'] = false;
				}
			]]></add>
		</operation>
	</file>
	
	<file path="admin/controller/setting/setting.php" error="log">
		<operation error="skip">
			<search><![CDATA[
				$this->load->model('tool/image');
			]]></search>
			<add position="before"><![CDATA[
				// TOPBAR
				if (isset($this->request->post['config_topbar_message'])) {
					$data['config_topbar_message'] = $this->request->post['config_topbar_message'];
				} else {
					$data['config_topbar_message'] = $this->config->get('config_topbar_message');
				}
				
				if (isset($this->request->post['config_topbar'])) {
					$data['config_topbar'] = $this->request->post['config_topbar'];
				} else {
					$data['config_topbar'] = $this->config->get('config_topbar');
				}
			]]></add>
		</operation>
	</file>
	
	<file path="admin/view/template/setting/setting.twig" error="log">
		<operation error="skip">
			<search><![CDATA[
				<li><a href="#tab-server" data-toggle="tab">{{ tab_server }}</a></li>
			]]></search>
			<add position="after"><![CDATA[
				<li><a href="#tab-topbar" data-toggle="tab">Notificação no topo</a></li>
			]]></add>
		</operation>
		<operation error="skip">
			<search><![CDATA[
				<div class="tab-content">
			]]></search>
			<add position="after"><![CDATA[
				<div class="tab-pane" id="tab-topbar">
					<div class="form-group">
					  <div class="col-sm-4">
						  <label class="control-label" for="tl-topbar">{{ text_topbar }}</label><br><small>{{ text_topbar_help }}</small>
						</div>
						<div class="col-sm-6">
							<textarea name="config_topbar_message" placeholder="{{ text_topbar_alt }}" rows="3" id="input-topbar" data-toggle="summernote" data-lang="{{ summernote }}" class="form-control">{{ config_topbar_message }}</textarea>
						</div>
					</div>
					<div class="form-group">
						<div class="col-sm-4">
							<label class="control-label">{{ text_enabled_topbar }}</label>
						</div>
						<div class="col-sm-6">
							<label class="radio-inline"> {% if config_topbar %}
							<input type="radio" name="config_topbar" value="1" checked="checked" />{{ text_yes }}
							{% else %}
							<input type="radio" name="config_topbar" value="1" />{{ text_yes }}
							{% endif %} 
							</label>
							<label class="radio-inline"> {% if not config_topbar %}
							<input type="radio" name="config_topbar" value="0" checked="checked" />{{ text_no }}
							{% else %}
							<input type="radio" name="config_topbar" value="0" />{{ text_no }}
							{% endif %}
							</label>
						</div>
					</div>
				</div>
			]]></add>
		</operation>
	</file>
	
	<file path="admin/language/pt-br/setting/setting.php" error="skip">
		<operation error="skip">
			<search><![CDATA[// Text]]></search>
			<add position="before"><![CDATA[
// Topbar by @reds
$_['text_topbar']							= 'Notificação no topo';
$_['text_topbar_alt']					= 'Mensagem de notificação no topo da loja';
$_['text_topbar_help']			  = 'Permitido o uso de caracteres html tal como classes de icones.';
$_['text_enabled_topbar']     = 'Habilitar ou desabilitar a faixa de notificação?';
			]]></add>
		</operation>
	</file>
	<file path="admin/language/en-gb/setting/setting.php" error="skip">
		<operation error="skip">
			<search><![CDATA[// Text]]></search>
			<add position="before"><![CDATA[
// Topbar by @reds
$_['text_topbar'] 					= 'Notification on top';
$_['text_topbar_help']			= 'Allowed the use of html characters such as icon classes.';
$_['text_topbar_alt'] 			= 'Notification message at the top of the store';
$_['text_enabled_topbar'] 	= 'Enable or disable the notification banner at the top of the site?';
			]]></add>
		</operation>
	</file>
	
</modification>